Model,MSO2024
Firmware Version,1.35

Point Format,Y,
Horizontal Units,S,
Horizontal Scale,0.001,
Sample Interval,8e-08,
Filter Frequency,2e+08,
Record Length,125000,
Gating,49.20800% to 50.147200%,
Probe Attenuation,10,
Vertical Units,V,
Vertical Offset,0,
Vertical Scale,1,
Label,,
TIME,CH1,CH1 Peak Detect
3.52080e-03,1.6,1.64
3.52088e-03,1.6,1.52
3.52096e-03,1.6,1.6
3.52104e-03,1.6,1.56
3.52112e-03,1.6,1.64
3.52120e-03,1.6,1.56
3.52128e-03,1.6,1.64
3.52136e-03,1.6,1.56
3.52144e-03,1.6,1.64
3.52152e-03,1.64,1.56
3.52160e-03,1.64,1.64
3.52168e-03,1.64,1.6
3.52176e-03,1.68,1.68
3.52184e-03,1.64,1.6
3.52192e-03,1.64,1.68
3.52200e-03,1.64,1.6
3.52208e-03,1.68,1.68
3.52216e-03,1.64,1.6
3.52224e-03,1.6,1.68
3.52232e-03,1.64,1.6
3.52240e-03,1.6,1.68
3.52248e-03,1.6,1.56
3.52256e-03,1.56,1.64
3.52264e-03,1.6,1.56
3.52272e-03,1.6,1.64
3.52280e-03,1.6,1.56
3.52288e-03,1.6,1.64
3.52296e-03,1.6,1.56
3.52304e-03,1.6,1.64
3.52312e-03,1.6,1.56
3.52320e-03,1.6,1.64
3.52328e-03,1.6,1.56
3.52336e-03,1.64,1.64
3.52344e-03,1.64,1.56
3.52352e-03,1.68,1.64
3.52360e-03,1.68,1.6
3.52368e-03,1.68,1.68
3.52376e-03,1.68,1.6
3.52384e-03,1.68,1.68
3.52392e-03,1.68,1.64
3.52400e-03,1.68,1.72
3.52408e-03,1.64,1.6
3.52416e-03,1.64,1.68
3.52424e-03,1.64,1.6
3.52432e-03,1.6,1.68
3.52440e-03,1.64,1.6
3.52448e-03,1.6,1.64
3.52456e-03,1.64,1.56
3.52464e-03,1.6,1.64
3.52472e-03,1.6,1.56
3.52480e-03,1.6,1.64
3.52488e-03,1.64,1.6
3.52496e-03,1.64,1.64
3.52504e-03,1.6,1.6
3.52512e-03,1.64,1.64
3.52520e-03,1.64,1.6
3.52528e-03,1.68,1.68
3.52536e-03,1.68,1.6
3.52544e-03,1.68,1.68
3.52552e-03,1.68,1.64
3.52560e-03,1.68,1.72
3.52568e-03,1.68,1.64
3.52576e-03,1.68,1.72
3.52584e-03,1.72,1.64
3.52592e-03,1.68,1.72
3.52600e-03,1.68,1.64
3.52608e-03,1.68,1.72
3.52616e-03,1.64,1.64
3.52624e-03,1.64,1.72
3.52632e-03,1.64,1.6
3.52640e-03,1.64,1.68
3.52648e-03,1.64,1.6
3.52656e-03,1.64,1.68
3.52664e-03,1.64,1.6
3.52672e-03,1.64,1.68
3.52680e-03,1.64,1.6
3.52688e-03,1.64,1.68
3.52696e-03,1.64,1.6
3.52704e-03,1.64,1.68
3.52712e-03,1.68,1.6
3.52720e-03,1.68,1.68
3.52728e-03,1.64,1.6
3.52736e-03,1.68,1.68
3.52744e-03,1.68,1.64
3.52752e-03,1.68,1.72
3.52760e-03,1.72,1.68
3.52768e-03,1.68,1.72
3.52776e-03,1.68,1.64
3.52784e-03,1.68,1.72
3.52792e-03,1.68,1.64
3.52800e-03,1.68,1.72
3.52808e-03,1.64,1.64
3.52816e-03,1.64,1.72
3.52824e-03,1.68,1.64
3.52832e-03,1.64,1.68
3.52840e-03,1.64,1.6
3.52848e-03,1.64,1.68
3.52856e-03,1.64,1.6
3.52864e-03,1.64,1.68
3.52872e-03,1.64,1.6
3.52880e-03,1.68,1.68
3.52888e-03,1.68,1.6
3.52896e-03,1.68,1.68
3.52904e-03,1.68,1.64
3.52912e-03,1.64,1.68
3.52920e-03,1.68,1.6
3.52928e-03,1.68,1.68
3.52936e-03,1.68,1.64
3.52944e-03,1.72,1.72
3.52952e-03,1.72,1.68
3.52960e-03,1.72,1.76
3.52968e-03,1.72,1.68
3.52976e-03,1.68,1.76
3.52984e-03,1.68,1.68
3.52992e-03,1.64,1.76
3.53000e-03,1.68,1.64
3.53008e-03,1.68,1.72
3.53016e-03,1.64,1.64
3.53024e-03,1.64,1.68
3.53032e-03,1.64,1.6
3.53040e-03,1.64,1.68
3.53048e-03,1.64,1.6
3.53056e-03,1.64,1.68
3.53064e-03,1.64,1.6
3.53072e-03,1.64,1.68
3.53080e-03,1.68,1.6
3.53088e-03,1.64,1.68
3.53096e-03,1.64,1.64
3.53104e-03,1.68,1.68
3.53112e-03,1.64,1.6
3.53120e-03,1.68,1.68
3.53128e-03,1.72,1.64
3.53136e-03,1.72,1.72
3.53144e-03,1.72,1.68
3.53152e-03,1.72,1.76
3.53160e-03,1.72,1.68
3.53168e-03,1.72,1.76
3.53176e-03,1.68,1.68
3.53184e-03,1.68,1.72
3.53192e-03,1.68,1.64
3.53200e-03,1.68,1.72
3.53208e-03,1.64,1.64
3.53216e-03,1.64,1.72
3.53224e-03,1.64,1.6
3.53232e-03,1.64,1.68
3.53240e-03,1.64,1.6
3.53248e-03,1.64,1.68
3.53256e-03,1.64,1.6
3.53264e-03,1.68,1.68
3.53272e-03,1.68,1.64
3.53280e-03,1.68,1.68
3.53288e-03,1.68,1.64
3.53296e-03,1.68,1.68
3.53304e-03,1.68,1.6
3.53312e-03,1.68,1.68
3.53320e-03,1.72,1.64
3.53328e-03,1.72,1.72
3.53336e-03,1.72,1.68
3.53344e-03,1.72,1.72
3.53352e-03,1.72,1.68
3.53360e-03,1.68,1.76
3.53368e-03,1.72,1.68
3.53376e-03,1.68,1.76
3.53384e-03,1.68,1.68
3.53392e-03,1.64,1.76
3.53400e-03,1.64,1.64
3.53408e-03,1.64,1.72
3.53416e-03,1.64,1.6
3.53424e-03,1.64,1.68
3.53432e-03,1.64,1.6
3.53440e-03,1.68,1.68
3.53448e-03,1.68,1.6
3.53456e-03,1.64,1.68
3.53464e-03,1.68,1.6
3.53472e-03,1.68,1.68
3.53480e-03,1.64,1.64
3.53488e-03,1.68,1.68
3.53496e-03,1.68,1.6
3.53504e-03,1.68,1.68
3.53512e-03,1.72,1.64
3.53520e-03,1.72,1.72
3.53528e-03,1.68,1.68
3.53536e-03,1.68,1.72
3.53544e-03,1.68,1.68
3.53552e-03,1.72,1.72
3.53560e-03,1.72,1.64
3.53568e-03,1.68,1.72
3.53576e-03,1.68,1.64
3.53584e-03,1.64,1.72
3.53592e-03,1.64,1.64
3.53600e-03,1.64,1.72
3.53608e-03,1.64,1.6
3.53616e-03,1.64,1.68
3.53624e-03,1.68,1.6
3.53632e-03,1.64,1.68
3.53640e-03,1.68,1.6
3.53648e-03,1.64,1.68
3.53656e-03,1.68,1.6
3.53664e-03,1.64,1.68
3.53672e-03,1.64,1.6
3.53680e-03,1.68,1.68
3.53688e-03,1.68,1.6
3.53696e-03,1.68,1.68
3.53704e-03,1.68,1.6
3.53712e-03,1.68,1.72
3.53720e-03,1.68,1.64
3.53728e-03,1.68,1.72
3.53736e-03,1.68,1.68
3.53744e-03,1.72,1.76
3.53752e-03,1.68,1.68
3.53760e-03,1.68,1.72
3.53768e-03,1.64,1.64
3.53776e-03,1.6,1.72
3.53784e-03,1.64,1.6
3.53792e-03,1.64,1.68
3.53800e-03,1.64,1.6
3.53808e-03,1.68,1.68
3.53816e-03,1.64,1.6
3.53824e-03,1.64,1.68
3.53832e-03,1.64,1.6
3.53840e-03,1.68,1.68
3.53848e-03,1.64,1.6
3.53856e-03,1.64,1.68
3.53864e-03,1.64,1.6
3.53872e-03,1.64,1.68
3.53880e-03,1.64,1.6
3.53888e-03,1.68,1.68
3.53896e-03,1.68,1.6
3.53904e-03,1.72,1.68
3.53912e-03,1.68,1.64
3.53920e-03,1.68,1.72
3.53928e-03,1.72,1.64
3.53936e-03,1.68,1.72
3.53944e-03,1.68,1.64
3.53952e-03,1.68,1.72
3.53960e-03,1.68,1.64
3.53968e-03,1.64,1.72
3.53976e-03,1.64,1.6
3.53984e-03,1.64,1.68
3.53992e-03,1.64,1.6
3.54000e-03,1.64,1.68
3.54008e-03,1.64,1.6
3.54016e-03,1.64,1.64
3.54024e-03,1.64,1.6
3.54032e-03,1.64,1.68
3.54040e-03,1.64,1.6
3.54048e-03,1.64,1.68
3.54056e-03,1.64,1.6
3.54064e-03,1.64,1.68
3.54072e-03,1.64,1.6
3.54080e-03,1.68,1.68
3.54088e-03,1.68,1.6
3.54096e-03,1.68,1.68
3.54104e-03,1.68,1.6
3.54112e-03,1.68,1.72
3.54120e-03,1.68,1.64
3.54128e-03,1.68,1.72
3.54136e-03,1.68,1.64
3.54144e-03,1.68,1.72
3.54152e-03,1.68,1.64
3.54160e-03,1.68,1.72
3.54168e-03,1.64,1.64
3.54176e-03,1.64,1.68
3.54184e-03,1.64,1.6
3.54192e-03,1.64,1.68
3.54200e-03,1.64,1.6
3.54208e-03,1.64,1.64
3.54216e-03,1.64,1.6
3.54224e-03,1.64,1.68
3.54232e-03,1.64,1.6
3.54240e-03,1.64,1.68
3.54248e-03,1.64,1.6
3.54256e-03,1.6,1.68
3.54264e-03,1.64,1.6
3.54272e-03,1.68,1.68
3.54280e-03,1.68,1.6
3.54288e-03,1.68,1.68
3.54296e-03,1.68,1.64
3.54304e-03,1.72,1.72
3.54312e-03,1.68,1.64
3.54320e-03,1.72,1.72
3.54328e-03,1.68,1.64
3.54336e-03,1.68,1.72
3.54344e-03,1.68,1.64
3.54352e-03,1.64,1.72
3.54360e-03,1.64,1.6
3.54368e-03,1.64,1.68
3.54376e-03,1.64,1.6
3.54384e-03,1.64,1.68
3.54392e-03,1.64,1.6
3.54400e-03,1.64,1.68
3.54408e-03,1.64,1.6
3.54416e-03,1.6,1.68
3.54424e-03,1.64,1.56
3.54432e-03,1.68,1.68
3.54440e-03,1.64,1.6
3.54448e-03,1.64,1.68
3.54456e-03,1.64,1.6
3.54464e-03,1.68,1.68
3.54472e-03,1.68,1.6
3.54480e-03,1.68,1.68
3.54488e-03,1.72,1.6
3.54496e-03,1.72,1.72
3.54504e-03,1.72,1.68
3.54512e-03,1.68,1.72
3.54520e-03,1.68,1.68
3.54528e-03,1.68,1.72
3.54536e-03,1.68,1.64
3.54544e-03,1.64,1.76
3.54552e-03,1.68,1.64
3.54560e-03,1.64,1.72
3.54568e-03,1.64,1.6
3.54576e-03,1.64,1.68
3.54584e-03,1.64,1.6
3.54592e-03,1.68,1.68
3.54600e-03,1.64,1.6
3.54608e-03,1.64,1.68
3.54616e-03,1.64,1.6
3.54624e-03,1.68,1.68
3.54632e-03,1.68,1.6
3.54640e-03,1.64,1.68
3.54648e-03,1.64,1.6
3.54656e-03,1.68,1.68
3.54664e-03,1.72,1.6
3.54672e-03,1.68,1.68
3.54680e-03,1.68,1.64
3.54688e-03,1.68,1.72
3.54696e-03,1.72,1.68
3.54704e-03,1.68,1.72
3.54712e-03,1.72,1.68
3.54720e-03,1.68,1.72
3.54728e-03,1.68,1.68
3.54736e-03,1.68,1.72
3.54744e-03,1.64,1.64
3.54752e-03,1.64,1.72
3.54760e-03,1.64,1.6
3.54768e-03,1.68,1.68
3.54776e-03,1.6,1.6
3.54784e-03,1.64,1.68
3.54792e-03,1.64,1.6
3.54800e-03,1.64,1.68
3.54808e-03,1.64,1.6
3.54816e-03,1.68,1.68
3.54824e-03,1.64,1.6
3.54832e-03,1.64,1.68
3.54840e-03,1.64,1.6
3.54848e-03,1.68,1.68
3.54856e-03,1.72,1.6
3.54864e-03,1.72,1.68
3.54872e-03,1.68,1.64
3.54880e-03,1.72,1.72
3.54888e-03,1.72,1.68
3.54896e-03,1.72,1.76
3.54904e-03,1.68,1.68
3.54912e-03,1.68,1.76
3.54920e-03,1.68,1.68
3.54928e-03,1.64,1.72
3.54936e-03,1.64,1.64
3.54944e-03,1.64,1.72
3.54952e-03,1.64,1.6
3.54960e-03,1.64,1.68
3.54968e-03,1.64,1.6
3.54976e-03,1.64,1.68
3.54984e-03,1.64,1.6
3.54992e-03,1.64,1.68
3.55000e-03,1.6,1.6
3.55008e-03,1.64,1.68
3.55016e-03,1.64,1.6
3.55024e-03,1.64,1.68
3.55032e-03,1.64,1.6
3.55040e-03,1.68,1.68
3.55048e-03,1.68,1.6
3.55056e-03,1.68,1.68
3.55064e-03,1.68,1.64
3.55072e-03,1.68,1.72
3.55080e-03,1.68,1.68
3.55088e-03,1.68,1.72
3.55096e-03,1.68,1.68
3.55104e-03,1.68,1.72
3.55112e-03,1.68,1.68
3.55120e-03,1.64,1.72
3.55128e-03,1.64,1.64
3.55136e-03,1.64,1.72
3.55144e-03,1.68,1.6
3.55152e-03,1.64,1.68
3.55160e-03,1.64,1.6
3.55168e-03,1.64,1.68
3.55176e-03,1.64,1.6
3.55184e-03,1.64,1.68
3.55192e-03,1.64,1.6
3.55200e-03,1.64,1.68
3.55208e-03,1.64,1.6
3.55216e-03,1.64,1.68
3.55224e-03,1.64,1.6
3.55232e-03,1.64,1.68
3.55240e-03,1.68,1.6
3.55248e-03,1.68,1.68
3.55256e-03,1.68,1.64
3.55264e-03,1.68,1.72
3.55272e-03,1.68,1.68
3.55280e-03,1.72,1.72
3.55288e-03,1.68,1.68
3.55296e-03,1.68,1.72
3.55304e-03,1.68,1.68
3.55312e-03,1.68,1.72
3.55320e-03,1.64,1.64
3.55328e-03,1.64,1.72
3.55336e-03,1.64,1.6
3.55344e-03,1.64,1.68
3.55352e-03,1.64,1.6
3.55360e-03,1.64,1.68
3.55368e-03,1.64,1.6
3.55376e-03,1.64,1.68
3.55384e-03,1.68,1.6
3.55392e-03,1.64,1.68
3.55400e-03,1.68,1.6
3.55408e-03,1.64,1.68
3.55416e-03,1.64,1.6
3.55424e-03,1.64,1.68
3.55432e-03,1.68,1.6
3.55440e-03,1.68,1.68
3.55448e-03,1.72,1.64
3.55456e-03,1.68,1.72
3.55464e-03,1.72,1.68
3.55472e-03,1.72,1.72
3.55480e-03,1.68,1.68
3.55488e-03,1.68,1.72
3.55496e-03,1.68,1.68
3.55504e-03,1.68,1.76
3.55512e-03,1.64,1.64
3.55520e-03,1.68,1.72
3.55528e-03,1.64,1.6
3.55536e-03,1.64,1.68
3.55544e-03,1.64,1.6
3.55552e-03,1.68,1.68
3.55560e-03,1.68,1.64
3.55568e-03,1.68,1.68
3.55576e-03,1.64,1.6
3.55584e-03,1.64,1.68
3.55592e-03,1.64,1.6
3.55600e-03,1.64,1.68
3.55608e-03,1.68,1.64
3.55616e-03,1.68,1.68
3.55624e-03,1.68,1.64
3.55632e-03,1.68,1.68
3.55640e-03,1.72,1.64
3.55648e-03,1.72,1.72
3.55656e-03,1.72,1.68
3.55664e-03,1.68,1.72
3.55672e-03,1.72,1.68
3.55680e-03,1.72,1.76
3.55688e-03,1.72,1.68
3.55696e-03,1.68,1.72
3.55704e-03,1.68,1.64
3.55712e-03,1.68,1.72
3.55720e-03,1.64,1.64
3.55728e-03,1.64,1.72
3.55736e-03,1.64,1.6
3.55744e-03,1.68,1.68
3.55752e-03,1.64,1.64
3.55760e-03,1.64,1.68
3.55768e-03,1.68,1.6
3.55776e-03,1.68,1.68
3.55784e-03,1.68,1.6
3.55792e-03,1.68,1.68
3.55800e-03,1.64,1.64
3.55808e-03,1.68,1.68
3.55816e-03,1.68,1.6
3.55824e-03,1.68,1.68
3.55832e-03,1.72,1.64
3.55840e-03,1.68,1.72
3.55848e-03,1.72,1.68
3.55856e-03,1.72,1.76
3.55864e-03,1.72,1.68
3.55872e-03,1.72,1.76
3.55880e-03,1.68,1.68
3.55888e-03,1.68,1.76
3.55896e-03,1.68,1.68
3.55904e-03,1.68,1.72
3.55912e-03,1.68,1.64
3.55920e-03,1.64,1.72
3.55928e-03,1.64,1.6
3.55936e-03,1.64,1.68
3.55944e-03,1.68,1.6
3.55952e-03,1.64,1.68
3.55960e-03,1.68,1.6
3.55968e-03,1.68,1.68
3.55976e-03,1.64,1.6
3.55984e-03,1.68,1.68
3.55992e-03,1.64,1.64
3.56000e-03,1.68,1.68
3.56008e-03,1.68,1.6
3.56016e-03,1.68,1.68
3.56024e-03,1.68,1.64
3.56032e-03,1.68,1.72
3.56040e-03,1.72,1.68
3.56048e-03,1.68,1.72
3.56056e-03,1.72,1.68
3.56064e-03,1.72,1.72
3.56072e-03,1.68,1.68
3.56080e-03,1.68,1.76
3.56088e-03,1.64,1.64
3.56096e-03,1.64,1.76
3.56104e-03,1.64,1.6
3.56112e-03,1.64,1.68
3.56120e-03,1.64,1.6
3.56128e-03,1.68,1.68
3.56136e-03,1.64,1.6
3.56144e-03,1.6,1.68
3.56152e-03,1.68,1.6
3.56160e-03,1.64,1.68
3.56168e-03,1.64,1.6
3.56176e-03,1.64,1.68
3.56184e-03,1.6,1.6
3.56192e-03,1.6,1.68
3.56200e-03,1.68,1.6
3.56208e-03,1.68,1.68
3.56216e-03,1.68,1.6
3.56224e-03,1.68,1.68
3.56232e-03,1.68,1.64
3.56240e-03,1.68,1.72
3.56248e-03,1.68,1.64
3.56256e-03,1.68,1.72
3.56264e-03,1.68,1.64
3.56272e-03,1.68,1.72
3.56280e-03,1.64,1.64
3.56288e-03,1.64,1.72
3.56296e-03,1.6,1.6
3.56304e-03,1.64,1.68
3.56312e-03,1.64,1.6
3.56320e-03,1.64,1.68
3.56328e-03,1.6,1.56
3.56336e-03,1.64,1.68
3.56344e-03,1.64,1.6
3.56352e-03,1.64,1.64
3.56360e-03,1.64,1.6
3.56368e-03,1.64,1.68
3.56376e-03,1.6,1.6
3.56384e-03,1.6,1.68
3.56392e-03,1.64,1.6
3.56400e-03,1.64,1.64
3.56408e-03,1.68,1.6
3.56416e-03,1.68,1.68
3.56424e-03,1.68,1.64
3.56432e-03,1.68,1.72
3.56440e-03,1.68,1.64
3.56448e-03,1.68,1.72
3.56456e-03,1.68,1.64
3.56464e-03,1.68,1.72
3.56472e-03,1.64,1.64
3.56480e-03,1.64,1.72
3.56488e-03,1.64,1.6
3.56496e-03,1.6,1.68
3.56504e-03,1.6,1.56
3.56512e-03,1.6,1.68
3.56520e-03,1.64,1.56
3.56528e-03,1.64,1.64
3.56536e-03,1.64,1.6
3.56544e-03,1.64,1.64
3.56552e-03,1.64,1.6
3.56560e-03,1.64,1.68
3.56568e-03,1.64,1.6
3.56576e-03,1.64,1.68
3.56584e-03,1.64,1.6
3.56592e-03,1.68,1.68
3.56600e-03,1.68,1.6
3.56608e-03,1.68,1.68
3.56616e-03,1.68,1.64
3.56624e-03,1.72,1.72
3.56632e-03,1.68,1.64
3.56640e-03,1.64,1.72
3.56648e-03,1.68,1.64
3.56656e-03,1.68,1.72
3.56664e-03,1.64,1.64
3.56672e-03,1.64,1.72
3.56680e-03,1.64,1.6
3.56688e-03,1.64,1.68
3.56696e-03,1.64,1.6
3.56704e-03,1.6,1.68
3.56712e-03,1.6,1.6
3.56720e-03,1.6,1.64
3.56728e-03,1.6,1.6
3.56736e-03,1.64,1.68
3.56744e-03,1.6,1.6
3.56752e-03,1.64,1.64
3.56760e-03,1.64,1.6
3.56768e-03,1.6,1.68
3.56776e-03,1.64,1.6
3.56784e-03,1.64,1.68
3.56792e-03,1.64,1.6
3.56800e-03,1.64,1.68
3.56808e-03,1.68,1.6
3.56816e-03,1.68,1.68
3.56824e-03,1.68,1.64
3.56832e-03,1.68,1.72
3.56840e-03,1.72,1.64
3.56848e-03,1.64,1.72
3.56856e-03,1.64,1.64
3.56864e-03,1.64,1.72
3.56872e-03,1.6,1.6
3.56880e-03,1.64,1.68
3.56888e-03,1.6,1.6
3.56896e-03,1.6,1.68
3.56904e-03,1.6,1.6
3.56912e-03,1.6,1.68
3.56920e-03,1.64,1.6
3.56928e-03,1.6,1.64
3.56936e-03,1.6,1.6
3.56944e-03,1.64,1.68
3.56952e-03,1.6,1.6
3.56960e-03,1.6,1.68
3.56968e-03,1.64,1.6
3.56976e-03,1.64,1.68
3.56984e-03,1.68,1.6
3.56992e-03,1.68,1.68
3.57000e-03,1.68,1.64
3.57008e-03,1.68,1.72
3.57016e-03,1.72,1.64
3.57024e-03,1.68,1.72
3.57032e-03,1.68,1.64
3.57040e-03,1.68,1.72
3.57048e-03,1.68,1.64
3.57056e-03,1.64,1.72
3.57064e-03,1.64,1.6
3.57072e-03,1.64,1.68
3.57080e-03,1.64,1.6
3.57088e-03,1.68,1.68
3.57096e-03,1.6,1.6
3.57104e-03,1.64,1.68
3.57112e-03,1.64,1.6
3.57120e-03,1.64,1.64
3.57128e-03,1.6,1.6
3.57136e-03,1.64,1.64
3.57144e-03,1.68,1.6
3.57152e-03,1.64,1.68
3.57160e-03,1.64,1.6
3.57168e-03,1.64,1.68
3.57176e-03,1.68,1.6
3.57184e-03,1.68,1.68
3.57192e-03,1.72,1.64
3.57200e-03,1.72,1.72
3.57208e-03,1.68,1.64
3.57216e-03,1.68,1.72
3.57224e-03,1.68,1.64
3.57232e-03,1.68,1.76
3.57240e-03,1.68,1.64
3.57248e-03,1.64,1.72
3.57256e-03,1.64,1.64
3.57264e-03,1.64,1.72
3.57272e-03,1.64,1.6
3.57280e-03,1.64,1.68
3.57288e-03,1.64,1.6
3.57296e-03,1.64,1.68
3.57304e-03,1.64,1.6
3.57312e-03,1.64,1.68
3.57320e-03,1.64,1.6
3.57328e-03,1.64,1.68
3.57336e-03,1.68,1.6
3.57344e-03,1.64,1.68
3.57352e-03,1.68,1.6
3.57360e-03,1.68,1.68
3.57368e-03,1.68,1.6
3.57376e-03,1.72,1.68
3.57384e-03,1.72,1.64
3.57392e-03,1.68,1.72
3.57400e-03,1.72,1.64
3.57408e-03,1.72,1.72
3.57416e-03,1.72,1.68
3.57424e-03,1.72,1.76
3.57432e-03,1.68,1.64
3.57440e-03,1.68,1.76
3.57448e-03,1.68,1.64
3.57456e-03,1.64,1.72
3.57464e-03,1.68,1.6
3.57472e-03,1.64,1.68
3.57480e-03,1.64,1.6
3.57488e-03,1.68,1.68
3.57496e-03,1.64,1.64
3.57504e-03,1.64,1.68
3.57512e-03,1.64,1.6
3.57520e-03,1.68,1.68
3.57528e-03,1.68,1.6
3.57536e-03,1.68,1.68
3.57544e-03,1.68,1.64
3.57552e-03,1.68,1.68
3.57560e-03,1.68,1.64
3.57568e-03,1.72,1.68
3.57576e-03,1.68,1.64
3.57584e-03,1.72,1.72
3.57592e-03,1.72,1.68
3.57600e-03,1.72,1.72
3.57608e-03,1.68,1.68
3.57616e-03,1.68,1.76
3.57624e-03,1.68,1.68
3.57632e-03,1.68,1.76
3.57640e-03,1.64,1.64
3.57648e-03,1.64,1.72
3.57656e-03,1.64,1.64
3.57664e-03,1.68,1.68
3.57672e-03,1.68,1.6
3.57680e-03,1.64,1.68
3.57688e-03,1.64,1.6
3.57696e-03,1.64,1.68
3.57704e-03,1.64,1.6
3.57712e-03,1.64,1.68
3.57720e-03,1.64,1.6
3.57728e-03,1.64,1.68
3.57736e-03,1.64,1.64
3.57744e-03,1.68,1.68
3.57752e-03,1.68,1.64
3.57760e-03,1.68,1.68
3.57768e-03,1.72,1.64
3.57776e-03,1.72,1.72
3.57784e-03,1.72,1.68
3.57792e-03,1.72,1.76
3.57800e-03,1.72,1.68
3.57808e-03,1.72,1.76
3.57816e-03,1.68,1.68
3.57824e-03,1.68,1.72
3.57832e-03,1.64,1.64
3.57840e-03,1.64,1.76
3.57848e-03,1.64,1.6
3.57856e-03,1.64,1.68
3.57864e-03,1.68,1.6
3.57872e-03,1.64,1.68
3.57880e-03,1.64,1.6
3.57888e-03,1.64,1.68
3.57896e-03,1.6,1.6
3.57904e-03,1.68,1.68
3.57912e-03,1.64,1.6
3.57920e-03,1.64,1.68
3.57928e-03,1.68,1.6
3.57936e-03,1.64,1.68
3.57944e-03,1.68,1.6
3.57952e-03,1.72,1.68
3.57960e-03,1.68,1.64
3.57968e-03,1.68,1.72
3.57976e-03,1.72,1.68
3.57984e-03,1.72,1.72
3.57992e-03,1.68,1.68
3.58000e-03,1.68,1.72
3.58008e-03,1.68,1.64
3.58016e-03,1.64,1.72
3.58024e-03,1.64,1.64
3.58032e-03,1.64,1.72
3.58040e-03,1.64,1.6
3.58048e-03,1.6,1.68
3.58056e-03,1.64,1.6
3.58064e-03,1.64,1.68
3.58072e-03,1.64,1.6
3.58080e-03,1.64,1.68
3.58088e-03,1.64,1.6
3.58096e-03,1.64,1.68
3.58104e-03,1.64,1.6
3.58112e-03,1.64,1.68
3.58120e-03,1.64,1.6
3.58128e-03,1.64,1.68
3.58136e-03,1.68,1.6
3.58144e-03,1.68,1.68
3.58152e-03,1.68,1.6
3.58160e-03,1.68,1.72
3.58168e-03,1.72,1.64
3.58176e-03,1.68,1.72
3.58184e-03,1.68,1.64
3.58192e-03,1.68,1.72
3.58200e-03,1.68,1.68
3.58208e-03,1.64,1.72
3.58216e-03,1.64,1.64
3.58224e-03,1.64,1.72
3.58232e-03,1.64,1.6
3.58240e-03,1.64,1.68
3.58248e-03,1.64,1.56
3.58256e-03,1.6,1.68
3.58264e-03,1.64,1.6
3.58272e-03,1.6,1.68
3.58280e-03,1.6,1.6
3.58288e-03,1.64,1.68
3.58296e-03,1.64,1.6
3.58304e-03,1.64,1.68
3.58312e-03,1.64,1.6
3.58320e-03,1.64,1.68
3.58328e-03,1.68,1.6
3.58336e-03,1.68,1.68
3.58344e-03,1.72,1.6
3.58352e-03,1.68,1.68
3.58360e-03,1.68,1.64
3.58368e-03,1.72,1.72
3.58376e-03,1.72,1.68
3.58384e-03,1.68,1.72
3.58392e-03,1.72,1.68
3.58400e-03,1.68,1.72
3.58408e-03,1.64,1.64
3.58416e-03,1.64,1.72
3.58424e-03,1.6,1.6
3.58432e-03,1.6,1.68
3.58440e-03,1.64,1.6
3.58448e-03,1.6,1.68
3.58456e-03,1.64,1.6
3.58464e-03,1.64,1.68
3.58472e-03,1.64,1.6
3.58480e-03,1.64,1.68
3.58488e-03,1.64,1.6
3.58496e-03,1.64,1.68
3.58504e-03,1.64,1.6
3.58512e-03,1.64,1.68
3.58520e-03,1.64,1.6
3.58528e-03,1.68,1.68
3.58536e-03,1.68,1.6
3.58544e-03,1.68,1.68
3.58552e-03,1.68,1.64
3.58560e-03,1.68,1.72
3.58568e-03,1.68,1.64
3.58576e-03,1.68,1.72
3.58584e-03,1.68,1.64
3.58592e-03,1.68,1.72
3.58600e-03,1.68,1.64
3.58608e-03,1.64,1.72
3.58616e-03,1.64,1.6
3.58624e-03,1.6,1.68
3.58632e-03,1.64,1.6
3.58640e-03,1.64,1.68
3.58648e-03,1.64,1.6
3.58656e-03,1.6,1.64
3.58664e-03,1.64,1.6
3.58672e-03,1.64,1.68
3.58680e-03,1.64,1.6
3.58688e-03,1.64,1.68
3.58696e-03,1.64,1.6
3.58704e-03,1.64,1.68
3.58712e-03,1.64,1.6
3.58720e-03,1.68,1.68
3.58728e-03,1.68,1.6
3.58736e-03,1.68,1.68
3.58744e-03,1.68,1.64
3.58752e-03,1.68,1.72
3.58760e-03,1.68,1.68
3.58768e-03,1.68,1.72
3.58776e-03,1.68,1.64
3.58784e-03,1.68,1.72
3.58792e-03,1.68,1.64
3.58800e-03,1.64,1.72
3.58808e-03,1.6,1.6
3.58816e-03,1.6,1.68
3.58824e-03,1.64,1.6
3.58832e-03,1.64,1.64
3.58840e-03,1.6,1.6
3.58848e-03,1.64,1.68
3.58856e-03,1.6,1.6
3.58864e-03,1.64,1.68
3.58872e-03,1.68,1.6
3.58880e-03,1.64,1.68
3.58888e-03,1.64,1.6
3.58896e-03,1.64,1.68
3.58904e-03,1.68,1.6
3.58912e-03,1.68,1.68
3.58920e-03,1.68,1.6
3.58928e-03,1.64,1.68
3.58936e-03,1.68,1.64
3.58944e-03,1.68,1.72
3.58952e-03,1.68,1.64
3.58960e-03,1.68,1.72
3.58968e-03,1.68,1.68
3.58976e-03,1.68,1.72
3.58984e-03,1.68,1.64
3.58992e-03,1.64,1.72
3.59000e-03,1.64,1.6
3.59008e-03,1.6,1.68
3.59016e-03,1.6,1.6
3.59024e-03,1.64,1.68
3.59032e-03,1.64,1.6
3.59040e-03,1.64,1.68
3.59048e-03,1.6,1.6
3.59056e-03,1.64,1.68
3.59064e-03,1.64,1.6
3.59072e-03,1.6,1.68
3.59080e-03,1.64,1.6
3.59088e-03,1.64,1.68
3.59096e-03,1.68,1.6
3.59104e-03,1.64,1.68
3.59112e-03,1.68,1.6
3.59120e-03,1.68,1.68
3.59128e-03,1.68,1.64
3.59136e-03,1.68,1.72
3.59144e-03,1.72,1.68
3.59152e-03,1.68,1.72
3.59160e-03,1.68,1.64
3.59168e-03,1.68,1.72
3.59176e-03,1.64,1.64
3.59184e-03,1.64,1.72
3.59192e-03,1.64,1.64
3.59200e-03,1.64,1.68
3.59208e-03,1.64,1.6
3.59216e-03,1.6,1.68
3.59224e-03,1.6,1.6
3.59232e-03,1.64,1.64
3.59240e-03,1.64,1.6
3.59248e-03,1.64,1.68
3.59256e-03,1.64,1.6
3.59264e-03,1.68,1.68
3.59272e-03,1.64,1.6
3.59280e-03,1.6,1.68
3.59288e-03,1.64,1.6
3.59296e-03,1.68,1.68
3.59304e-03,1.68,1.6
3.59312e-03,1.68,1.68
3.59320e-03,1.68,1.64
3.59328e-03,1.68,1.72
3.59336e-03,1.68,1.64
3.59344e-03,1.68,1.72
3.59352e-03,1.68,1.64
3.59360e-03,1.68,1.72
3.59368e-03,1.64,1.68
3.59376e-03,1.64,1.72
3.59384e-03,1.64,1.64
3.59392e-03,1.6,1.68
3.59400e-03,1.64,1.6
3.59408e-03,1.64,1.68
3.59416e-03,1.64,1.6
3.59424e-03,1.64,1.64
3.59432e-03,1.64,1.6
3.59440e-03,1.64,1.68
3.59448e-03,1.64,1.6
3.59456e-03,1.64,1.64
3.59464e-03,1.64,1.6
3.59472e-03,1.64,1.68
3.59480e-03,1.64,1.6
3.59488e-03,1.68,1.68
3.59496e-03,1.68,1.6
3.59504e-03,1.68,1.68
3.59512e-03,1.72,1.64
3.59520e-03,1.72,1.72
3.59528e-03,1.68,1.64
3.59536e-03,1.68,1.72
3.59544e-03,1.68,1.64
3.59552e-03,1.68,1.72
3.59560e-03,1.68,1.64
3.59568e-03,1.68,1.72
3.59576e-03,1.64,1.64
3.59584e-03,1.64,1.72
3.59592e-03,1.64,1.6
3.59600e-03,1.64,1.68
3.59608e-03,1.6,1.6
3.59616e-03,1.64,1.68
3.59624e-03,1.64,1.6
3.59632e-03,1.64,1.68
3.59640e-03,1.64,1.6
3.59648e-03,1.68,1.68
3.59656e-03,1.68,1.6
3.59664e-03,1.64,1.68
3.59672e-03,1.64,1.6
3.59680e-03,1.68,1.68
3.59688e-03,1.68,1.6
3.59696e-03,1.68,1.68
3.59704e-03,1.72,1.64
3.59712e-03,1.72,1.72
3.59720e-03,1.72,1.64
3.59728e-03,1.68,1.72
3.59736e-03,1.68,1.68
3.59744e-03,1.72,1.72
3.59752e-03,1.68,1.68
3.59760e-03,1.68,1.76
3.59768e-03,1.64,1.64
3.59776e-03,1.68,1.72
3.59784e-03,1.68,1.64
3.59792e-03,1.68,1.68
3.59800e-03,1.64,1.6
3.59808e-03,1.64,1.68
3.59816e-03,1.68,1.6
3.59824e-03,1.64,1.68
3.59832e-03,1.68,1.6
3.59840e-03,1.64,1.68
3.59848e-03,1.68,1.6
3.59856e-03,1.64,1.68
3.59864e-03,1.64,1.6
3.59872e-03,1.68,1.68
3.59880e-03,1.68,1.6
3.59888e-03,1.72,1.68
3.59896e-03,1.68,1.64
3.59904e-03,1.72,1.76
3.59912e-03,1.68,1.68
3.59920e-03,1.68,1.76
3.59928e-03,1.72,1.68
3.59936e-03,1.68,1.76
3.59944e-03,1.68,1.68
3.59952e-03,1.68,1.76
3.59960e-03,1.64,1.64
3.59968e-03,1.64,1.72
3.59976e-03,1.64,1.64
3.59984e-03,1.68,1.68
3.59992e-03,1.64,1.6
3.60000e-03,1.68,1.68
3.60008e-03,1.64,1.6
3.60016e-03,1.64,1.68
3.60024e-03,1.68,1.64
3.60032e-03,1.64,1.68
3.60040e-03,1.68,1.64
3.60048e-03,1.64,1.68
3.60056e-03,1.68,1.64
3.60064e-03,1.68,1.72
3.60072e-03,1.68,1.64
3.60080e-03,1.72,1.72
3.60088e-03,1.72,1.64
3.60096e-03,1.72,1.72
3.60104e-03,1.72,1.68
3.60112e-03,1.68,1.76
3.60120e-03,1.72,1.68
3.60128e-03,1.72,1.76
3.60136e-03,1.68,1.68
3.60144e-03,1.68,1.76
3.60152e-03,1.68,1.64
3.60160e-03,1.68,1.72
3.60168e-03,1.64,1.64
3.60176e-03,1.68,1.68
3.60184e-03,1.68,1.64
3.60192e-03,1.68,1.68
3.60200e-03,1.64,1.6
3.60208e-03,1.68,1.68
3.60216e-03,1.68,1.64
3.60224e-03,1.68,1.68
3.60232e-03,1.68,1.64
3.60240e-03,1.64,1.68
3.60248e-03,1.68,1.64
3.60256e-03,1.68,1.68
3.60264e-03,1.68,1.64
3.60272e-03,1.68,1.68
3.60280e-03,1.76,1.64
3.60288e-03,1.72,1.72
3.60296e-03,1.72,1.68
3.60304e-03,1.72,1.76
3.60312e-03,1.72,1.68
3.60320e-03,1.72,1.76
3.60328e-03,1.68,1.68
3.60336e-03,1.68,1.76
3.60344e-03,1.68,1.68
3.60352e-03,1.68,1.72
3.60360e-03,1.68,1.64
3.60368e-03,1.68,1.72
3.60376e-03,1.68,1.64
3.60384e-03,1.68,1.68
3.60392e-03,1.68,1.6
3.60400e-03,1.64,1.68
3.60408e-03,1.68,1.64
3.60416e-03,1.64,1.68
3.60424e-03,1.68,1.64
3.60432e-03,1.68,1.68
3.60440e-03,1.68,1.64
3.60448e-03,1.68,1.72
3.60456e-03,1.68,1.64
3.60464e-03,1.72,1.72
3.60472e-03,1.72,1.64
3.60480e-03,1.72,1.72
3.60488e-03,1.72,1.68
3.60496e-03,1.72,1.76
3.60504e-03,1.72,1.68
3.60512e-03,1.72,1.76
3.60520e-03,1.72,1.68
3.60528e-03,1.68,1.76
3.60536e-03,1.68,1.68
3.60544e-03,1.68,1.76
3.60552e-03,1.68,1.64
3.60560e-03,1.68,1.72
3.60568e-03,1.68,1.64
3.60576e-03,1.68,1.68
3.60584e-03,1.68,1.64
3.60592e-03,1.68,1.68
3.60600e-03,1.68,1.64
3.60608e-03,1.68,1.72
3.60616e-03,1.68,1.64
3.60624e-03,1.68,1.72
3.60632e-03,1.68,1.64
3.60640e-03,1.64,1.72
3.60648e-03,1.68,1.64
3.60656e-03,1.72,1.72
3.60664e-03,1.72,1.64
3.60672e-03,1.72,1.72
3.60680e-03,1.72,1.68
3.60688e-03,1.72,1.76
3.60696e-03,1.72,1.68
3.60704e-03,1.72,1.76
3.60712e-03,1.72,1.68
3.60720e-03,1.72,1.76
3.60728e-03,1.68,1.68
3.60736e-03,1.68,1.76
3.60744e-03,1.68,1.64
3.60752e-03,1.64,1.72
3.60760e-03,1.68,1.64
3.60768e-03,1.68,1.68
3.60776e-03,1.68,1.64
3.60784e-03,1.68,1.68
3.60792e-03,1.68,1.64
3.60800e-03,1.68,1.72
3.60808e-03,1.68,1.64
3.60816e-03,1.68,1.68
3.60824e-03,1.68,1.64
3.60832e-03,1.68,1.72
3.60840e-03,1.68,1.64
3.60848e-03,1.72,1.72
3.60856e-03,1.76,1.64
3.60864e-03,1.72,1.72
3.60872e-03,1.76,1.68
3.60880e-03,1.72,1.76
3.60888e-03,1.72,1.68
3.60896e-03,1.72,1.76
3.60904e-03,1.72,1.68
3.60912e-03,1.68,1.76
3.60920e-03,1.68,1.68
3.60928e-03,1.68,1.76
3.60936e-03,1.68,1.64
3.60944e-03,1.68,1.72
3.60952e-03,1.68,1.64
3.60960e-03,1.68,1.72
3.60968e-03,1.68,1.6
3.60976e-03,1.68,1.68
3.60984e-03,1.68,1.64
3.60992e-03,1.68,1.68
3.61000e-03,1.68,1.64
3.61008e-03,1.68,1.68
3.61016e-03,1.64,1.6
3.61024e-03,1.68,1.72
3.61032e-03,1.68,1.64
3.61040e-03,1.72,1.68
3.61048e-03,1.72,1.64
3.61056e-03,1.72,1.72
3.61064e-03,1.68,1.68
3.61072e-03,1.68,1.76
3.61080e-03,1.72,1.68
3.61088e-03,1.72,1.76
3.61096e-03,1.68,1.68
3.61104e-03,1.68,1.76
3.61112e-03,1.68,1.68
3.61120e-03,1.64,1.76
3.61128e-03,1.68,1.64
3.61136e-03,1.64,1.72
3.61144e-03,1.64,1.6
3.61152e-03,1.68,1.68
3.61160e-03,1.64,1.6
3.61168e-03,1.64,1.68
3.61176e-03,1.64,1.6
3.61184e-03,1.64,1.68
3.61192e-03,1.64,1.6
3.61200e-03,1.64,1.68
3.61208e-03,1.64,1.6
3.61216e-03,1.64,1.72
3.61224e-03,1.64,1.6
3.61232e-03,1.68,1.68
3.61240e-03,1.72,1.6
3.61248e-03,1.72,1.72
3.61256e-03,1.72,1.64
3.61264e-03,1.72,1.72
3.61272e-03,1.72,1.68
3.61280e-03,1.72,1.72
3.61288e-03,1.72,1.64
3.61296e-03,1.68,1.76
3.61304e-03,1.68,1.64
3.61312e-03,1.64,1.72
3.61320e-03,1.64,1.64
3.61328e-03,1.64,1.72
3.61336e-03,1.64,1.6
3.61344e-03,1.64,1.68
3.61352e-03,1.64,1.6
3.61360e-03,1.64,1.68
3.61368e-03,1.64,1.6
3.61376e-03,1.64,1.68
3.61384e-03,1.64,1.6
3.61392e-03,1.68,1.68
3.61400e-03,1.64,1.6
3.61408e-03,1.64,1.68
3.61416e-03,1.64,1.6
3.61424e-03,1.68,1.68
3.61432e-03,1.68,1.6
3.61440e-03,1.72,1.68
3.61448e-03,1.72,1.64
3.61456e-03,1.72,1.72
3.61464e-03,1.72,1.68

